Module_ID,Order_Number,Concept,Question_Text,Option_A,Option_B,Option_C,Option_D,Option_E,Correct_Answer,Tags
20,1,New Concept 1,Question 1,Option A 1,Option B 1,Option C 1,,,A,#StoryTelling
20,2,New Concept 2,Question 2,Option A 2,Option B 2,Option C 2,,,B,#StoryTelling
20,3,New Concept 3,Question 3,Option A 3,Option B 3,Option C 3,,,C,#StoryTelling
20,4,New Concept 4,Question 4,Option A 4,Option B 4,Option C 4,,,D,#StoryTelling
20,5,New Concept 5,Question 5,Option A 5,Option B 5,Option C 5,,,E,#StoryTelling
20,6,New Concept 6,Question 6,Option A 6,Option B 6,Option C 6,,,A,#StoryTelling
20,7,New Concept 7,Question 7,Option A 7,Option B 7,Option C 7,,,B,#StoryTelling
20,8,New Concept 8,Question 8,Option A 8,Option B 8,Option C 8,,,C,#StoryTelling
20,9,New Concept 9,Question 9,Option A 9,Option B 9,Option C 9,,,D,#StoryTelling
20,10,New Concept 10,Question 10,Option A 10,Option B 10,Option C 10,,,E,#StoryTelling
20,11,New Concept 11,Question 11,Option A 11,Option B 11,Option C 11,,,A,#StoryTelling
20,12,New Concept 12,Question 12,Option A 12,Option B 12,Option C 12,,,B,#StoryTelling
20,13,New Concept 13,Question 13,Option A 13,Option B 13,Option C 13,,,C,#StoryTelling
20,14,New Concept 14,Question 14,Option A 14,Option B 14,Option C 14,,,D,#StoryTelling
20,15,New Concept 15,Question 15,Option A 15,Option B 15,Option C 15,,,E,#StoryTelling
20,16,New Concept 16,Question 16,Option A 16,Option B 16,Option C 16,,,A,#StoryTelling
20,17,New Concept 17,Question 17,Option A 17,Option B 17,Option C 17,,,B,#StoryTelling
20,18,New Concept 18,Question 18,Option A 18,Option B 18,Option C 18,,,C,#StoryTelling
20,19,New Concept 19,Question 19,Option A 19,Option B 19,Option C 19,,,D,#StoryTelling
