Module ID,Order_Number,Concept,Question_Text,Option_A,Option_B,Option_C,Option_D,Option_E,Correct_Answer,Tags
20,1,a,a,a,b,c,d,e,c,#Story
20,2,a,a,a,b,c,d,e,c,#Story
20,3,a,a,a,b,c,d,e,c,#Story
20,4,a,a,a,b,c,d,e,c,#Story
20,5,a,a,a,b,c,d,e,c,#Story
20,6,a,a,a,b,c,d,e,c,#Story
20,7,a,a,a,b,c,d,e,c,#Story
20,8,a,a,a,b,c,d,e,c,#Story
20,9,a,a,a,b,c,d,e,c,#Story
20,10,a,a,a,b,c,d,e,c,#Story
20,11,a,a,a,b,c,d,e,c,#Story
20,12,a,a,a,b,c,d,e,c,#Story
20,13,a,a,a,b,c,d,e,c,#Story
20,14,a,a,a,b,c,d,e,c,#Story
20,15,a,a,a,b,c,d,e,c,#Story
20,16,a,a,a,b,c,d,e,c,#Story
20,17,a,a,a,b,c,d,e,c,#Story
20,18,a,a,a,b,c,d,e,c,#Story
20,19,a,a,a,b,c,d,e,c,#Story
