Role,Skill_Name
Product_Manager,launch new products
Product_Manager,saas
Product_Manager,marketresearch
Product_Manager,user experience
Product_Manager,user stories
Product_Manager,business case
Product_Manager,life cycle
Product_Manager,understand customer needs
Product_Manager,product lifecycle
Product_Manager,competitive analysis
Product_Manager,use cases
Product_Manager,business cases
Product_Manager,market analysis
Product_Manager,product backlog
Product_Manager,product roadmaps
Product_Manager,market needs
Product_Manager,external stakeholders
Product_Manager,value proposition
Product_Manager,cross functional teams
Product_Manager,key stakeholders
Product_Manager,market opportunities
Product_Manager,marketing strategies
Product_Manager,key benefits
Product_Manager,business problems
